{
  "BLEU": 60.75629742655365,
  "STA": 1.0,
  "SIM": 0.833941290974617,
  "FL": 0.98,
  "J": 0.8172624651551247
}